{
  "sentiment_score": 0.6271591351495001,
  "upper_ratio": 0.8695652173913043,
  "middle_ratio": 0.13043478260869565,
  "lower_ratio": 0.0,
  "extreme_filtered": {
    "upper_ratio": 0.8695652173913043,
    "middle_ratio": 0.13043478260869565,
    "lower_ratio": 0.0,
    "total_coins": 46,
    "filtered_out": 0
  },
  "timestamp": "2025-10-08T14:07:33.797112",
  "total_analyzed_coins": 46,
  "time_gap": "1m"
}