{
  "sentiment_score": 0.9959499148140663,
  "upper_ratio": 0.9130434782608695,
  "middle_ratio": 0.06521739130434782,
  "lower_ratio": 0.021739130434782608,
  "extreme_filtered": {
    "upper_ratio": 1.0,
    "middle_ratio": 0.0,
    "lower_ratio": 0.0,
    "total_coins": 36,
    "filtered_out": 10
  },
  "timestamp": "2025-10-08T14:07:59.706893",
  "total_analyzed_coins": 46,
  "time_gap": "15m"
}