rank,participant_id,weight,score
1,spicycandy01,27,0.00947210684939
2,Web3guagua,17,0.0184833672438
3,5357347667,27,0.0192706967793
